{
  ".DS_Store": {
<<<<<<< HEAD
    "mt": "Sun Apr 18 2021 12:09:00 GMT-0500 (Central Daylight Time)",
=======
    "mt": "Fri Apr 09 2021 15:22:12 GMT-0700 (Pacific Daylight Time)",
>>>>>>> f8dff7bb8dc80ab06a1c85a68eb6f0834af398fb
    "exists": true,
    "state": 1,
    "path": "/Users/ben/Documents/artblocks/artblocks-server-production/.DS_Store"
  },
  ".eslintrc": {
    "mt": "Sat Mar 06 2021 17:06:23 GMT-0800 (Pacific Standard Time)",
    "exists": true,
    "state": 1,
    "path": "/Users/ben/Documents/artblocks/artblocks-server-production/.eslintrc"
  },
  ".gitignore": {
    "mt": "Mon Mar 15 2021 11:21:17 GMT-0700 (Pacific Daylight Time)",
    "exists": true,
    "state": 1,
    "path": "/Users/ben/Documents/artblocks/artblocks-server-production/.gitignore"
  },
  ".nvmrc": {
    "mt": "Mon Mar 15 2021 11:21:17 GMT-0700 (Pacific Daylight Time)",
    "exists": true,
    "state": 1,
    "path": "/Users/ben/Documents/artblocks/artblocks-server-production/.nvmrc"
  },
  ".prettierignore": {
    "mt": "Sun Mar 28 2021 15:37:38 GMT-0700 (Pacific Daylight Time)",
    "exists": true,
    "state": 1,
    "path": "/Users/ben/Documents/artblocks/artblocks-server-production/.prettierignore"
  },
  ".prettierrc": {
    "mt": "Fri Mar 19 2021 18:46:56 GMT-0700 (Pacific Daylight Time)",
    "exists": true,
    "state": 1,
    "path": "/Users/ben/Documents/artblocks/artblocks-server-production/.prettierrc"
  },
  "README.md": {
    "mt": "Sat Mar 06 2021 16:45:17 GMT-0800 (Pacific Standard Time)",
    "exists": true,
    "state": 1,
    "path": "/Users/ben/Documents/artblocks/artblocks-server-production/README.md"
  },
  "__nc_app__artblocks-server-rinkeby.json": {
<<<<<<< HEAD
    "mt": "Wed Apr 21 2021 11:32:19 GMT-0500 (Central Daylight Time)",
=======
    "mt": "Thu Mar 18 2021 16:42:59 GMT-0700 (Pacific Daylight Time)",
>>>>>>> f8dff7bb8dc80ab06a1c85a68eb6f0834af398fb
    "exists": true,
    "state": 1,
    "path": "/Users/ben/Documents/artblocks/artblocks-server-production/__nc_app__artblocks-server-rinkeby.json"
  },
  "__nc_app__artblocks-server.json": {
<<<<<<< HEAD
    "mt": "Tue Apr 20 2021 22:26:22 GMT-0500 (Central Daylight Time)",
=======
    "mt": "Wed Apr 21 2021 00:01:08 GMT-0700 (Pacific Daylight Time)",
>>>>>>> f8dff7bb8dc80ab06a1c85a68eb6f0834af398fb
    "exists": true,
    "state": 1,
    "path": "/Users/ben/Documents/artblocks/artblocks-server-production/__nc_app__artblocks-server.json"
  },
  "__nc_app__artblocks-temp-server.json": {
    "mt": "Sat Mar 06 2021 16:46:17 GMT-0800 (Pacific Standard Time)",
    "exists": true,
    "state": 1,
    "path": "/Users/ben/Documents/artblocks/artblocks-server-production/__nc_app__artblocks-temp-server.json"
  },
  "__nc_app__backup-renderer.json": {
    "mt": "Sun Apr 18 2021 19:45:24 GMT-0700 (Pacific Daylight Time)",
    "exists": true,
    "state": 1,
    "path": "/Users/ben/Documents/artblocks/artblocks-server-production/__nc_app__backup-renderer.json"
  },
  "__nc_app__render-engine-mainnet-1.json": {
    "mt": "Sat Mar 06 2021 16:46:17 GMT-0800 (Pacific Standard Time)",
    "exists": true,
    "state": 1,
    "path": "/Users/ben/Documents/artblocks/artblocks-server-production/__nc_app__render-engine-mainnet-1.json"
  },
  "__nc_app__render-engine-mainnet-2.json": {
<<<<<<< HEAD
    "mt": "Tue Apr 20 2021 15:53:18 GMT-0500 (Central Daylight Time)",
=======
    "mt": "Tue Apr 20 2021 14:14:23 GMT-0700 (Pacific Daylight Time)",
>>>>>>> f8dff7bb8dc80ab06a1c85a68eb6f0834af398fb
    "exists": true,
    "state": 1,
    "path": "/Users/ben/Documents/artblocks/artblocks-server-production/__nc_app__render-engine-mainnet-2.json"
  },
  "__nc_app__temporary-dynamic-slices.json": {
    "mt": "Sat Mar 06 2021 16:46:17 GMT-0800 (Pacific Standard Time)",
    "exists": true,
    "state": 1,
    "path": "/Users/ben/Documents/artblocks/artblocks-server-production/__nc_app__temporary-dynamic-slices.json"
  },
  "__nc_app__temporary-rinkeby.json": {
    "mt": "Sat Mar 06 2021 16:46:17 GMT-0800 (Pacific Standard Time)",
    "exists": true,
    "state": 1,
    "path": "/Users/ben/Documents/artblocks/artblocks-server-production/__nc_app__temporary-rinkeby.json"
  },
  "artifacts/GenArt721.json": {
    "mt": "Sat Mar 06 2021 16:46:17 GMT-0800 (Pacific Standard Time)",
    "exists": true,
    "state": 1,
    "path": "/Users/ben/Documents/artblocks/artblocks-server-production/artifacts/GenArt721.json"
  },
  "artifacts/GenArt721Core.json": {
    "mt": "Sat Mar 06 2021 16:46:17 GMT-0800 (Pacific Standard Time)",
    "exists": true,
    "state": 1,
    "path": "/Users/ben/Documents/artblocks/artblocks-server-production/artifacts/GenArt721Core.json"
  },
  "favicon.ico": {
    "mt": "Sat Mar 06 2021 16:45:17 GMT-0800 (Pacific Standard Time)",
    "exists": true,
    "state": 1,
    "path": "/Users/ben/Documents/artblocks/artblocks-server-production/favicon.ico"
  },
  "index.js": {
<<<<<<< HEAD
    "mt": "Wed Apr 21 2021 11:26:18 GMT-0500 (Central Daylight Time)",
=======
    "mt": "Wed Apr 21 2021 13:47:47 GMT-0700 (Pacific Daylight Time)",
>>>>>>> f8dff7bb8dc80ab06a1c85a68eb6f0834af398fb
    "exists": true,
    "state": 1,
    "path": "/Users/ben/Documents/artblocks/artblocks-server-production/index.js"
  },
  "lib/queries.js": {
    "mt": "Mon Apr 12 2021 20:52:18 GMT-0700 (Pacific Daylight Time)",
    "exists": true,
    "state": 1,
    "path": "/Users/ben/Documents/artblocks/artblocks-server-production/lib/queries.js"
  },
  "lib/renderImage.js": {
    "mt": "Mon Mar 08 2021 23:01:43 GMT-0800 (Pacific Standard Time)",
    "exists": true,
    "state": 1,
    "path": "/Users/ben/Documents/artblocks/artblocks-server-production/lib/renderImage.js"
  },
  "lib/renderVideo.js": {
    "mt": "Tue Apr 06 2021 15:40:14 GMT-0700 (Pacific Daylight Time)",
    "exists": true,
    "state": 1,
    "path": "/Users/ben/Documents/artblocks/artblocks-server-production/lib/renderVideo.js"
  },
  "package-lock.json": {
<<<<<<< HEAD
    "mt": "Tue Apr 20 2021 15:40:52 GMT-0500 (Central Daylight Time)",
=======
    "mt": "Tue Apr 20 2021 07:56:52 GMT-0700 (Pacific Daylight Time)",
>>>>>>> f8dff7bb8dc80ab06a1c85a68eb6f0834af398fb
    "exists": true,
    "state": 1,
    "path": "/Users/ben/Documents/artblocks/artblocks-server-production/package-lock.json"
  },
  "package.json": {
<<<<<<< HEAD
    "mt": "Wed Apr 21 2021 12:06:51 GMT-0500 (Central Daylight Time)",
=======
    "mt": "Wed Apr 21 2021 13:36:52 GMT-0700 (Pacific Daylight Time)",
>>>>>>> f8dff7bb8dc80ab06a1c85a68eb6f0834af398fb
    "exists": true,
    "state": 1,
    "path": "/Users/ben/Documents/artblocks/artblocks-server-production/package.json"
  },
  "plugins.js": {
<<<<<<< HEAD
    "mt": "Mon Apr 19 2021 08:58:06 GMT-0500 (Central Daylight Time)",
=======
    "mt": "Tue Apr 20 2021 14:14:23 GMT-0700 (Pacific Daylight Time)",
>>>>>>> f8dff7bb8dc80ab06a1c85a68eb6f0834af398fb
    "exists": true,
    "state": 1,
    "path": "/Users/ben/Documents/artblocks/artblocks-server-production/plugins.js"
  },
  "renderImages.js": {
    "mt": "Thu Mar 18 2021 16:42:59 GMT-0700 (Pacific Daylight Time)",
    "exists": true,
    "state": 1,
    "path": "/Users/ben/Documents/artblocks/artblocks-server-production/renderImages.js"
  },
  "renderer.js": {
<<<<<<< HEAD
    "mt": "Wed Apr 21 2021 12:06:25 GMT-0500 (Central Daylight Time)",
=======
    "mt": "Wed Apr 21 2021 13:44:03 GMT-0700 (Pacific Daylight Time)",
>>>>>>> f8dff7bb8dc80ab06a1c85a68eb6f0834af398fb
    "exists": true,
    "state": 1,
    "path": "/Users/ben/Documents/artblocks/artblocks-server-production/renderer.js"
  },
  "renderer_bak.js": {
    "mt": "Sat Mar 06 2021 16:46:17 GMT-0800 (Pacific Standard Time)",
    "exists": true,
    "state": 1,
    "path": "/Users/ben/Documents/artblocks/artblocks-server-production/renderer_bak.js"
  },
  "src/.DS_Store": {
<<<<<<< HEAD
    "mt": "Sun Apr 18 2021 12:11:16 GMT-0500 (Central Daylight Time)",
=======
    "mt": "Sun Apr 18 2021 22:01:44 GMT-0700 (Pacific Daylight Time)",
>>>>>>> f8dff7bb8dc80ab06a1c85a68eb6f0834af398fb
    "exists": true,
    "state": 1,
    "path": "/Users/ben/Documents/artblocks/artblocks-server-production/src/.DS_Store"
  },
  "src/GLTFExporter.js": {
    "mt": "Sat Mar 06 2021 16:46:17 GMT-0800 (Pacific Standard Time)",
    "exists": true,
    "state": 1,
    "path": "/Users/ben/Documents/artblocks/artblocks-server-production/src/GLTFExporter.js"
  },
  "src/OrbitControls.js": {
    "mt": "Sat Mar 06 2021 16:46:17 GMT-0800 (Pacific Standard Time)",
    "exists": true,
    "state": 1,
    "path": "/Users/ben/Documents/artblocks/artblocks-server-production/src/OrbitControls.js"
  },
  "src/aframe.min.js": {
    "mt": "Sat Mar 06 2021 16:45:17 GMT-0800 (Pacific Standard Time)",
    "exists": true,
    "state": 1,
    "path": "/Users/ben/Documents/artblocks/artblocks-server-production/src/aframe.min.js"
  },
  "src/p5.js": {
    "mt": "Sat Mar 06 2021 16:45:17 GMT-0800 (Pacific Standard Time)",
    "exists": true,
    "state": 1,
    "path": "/Users/ben/Documents/artblocks/artblocks-server-production/src/p5.js"
  },
  "src/p5.svg.js": {
    "mt": "Sat Mar 06 2021 16:46:17 GMT-0800 (Pacific Standard Time)",
    "exists": true,
    "state": 1,
    "path": "/Users/ben/Documents/artblocks/artblocks-server-production/src/p5.svg.js"
  },
  "src/paper-full.min.js": {
    "mt": "Sun Apr 18 2021 22:01:44 GMT-0700 (Pacific Daylight Time)",
    "exists": true,
    "state": 1,
    "path": "/Users/ben/Documents/artblocks/artblocks-server-production/src/paper-full.min.js"
  },
  "src/paper-full.min.js": {
    "mt": "Wed Mar 17 2021 11:00:00 GMT-0500 (Central Daylight Time)",
    "exists": true,
    "state": 1,
    "path": "/Users/erick/apps/artblocks-v2/server/src/paper-full.min.js"
  },
  "src/processing.js": {
    "mt": "Sat Mar 06 2021 16:45:17 GMT-0800 (Pacific Standard Time)",
    "exists": true,
    "state": 1,
    "path": "/Users/ben/Documents/artblocks/artblocks-server-production/src/processing.js"
  },
  "src/regl.min.js": {
    "mt": "Mon Mar 15 2021 11:21:17 GMT-0700 (Pacific Daylight Time)",
    "exists": true,
    "state": 1,
    "path": "/Users/ben/Documents/artblocks/artblocks-server-production/src/regl.min.js"
  },
  "src/rendering.png": {
    "mt": "Sat Mar 06 2021 16:46:17 GMT-0800 (Pacific Standard Time)",
    "exists": true,
    "state": 1,
    "path": "/Users/ben/Documents/artblocks/artblocks-server-production/src/rendering.png"
  },
  "src/three.js": {
    "mt": "Mon Mar 15 2021 11:21:17 GMT-0700 (Pacific Daylight Time)",
    "exists": true,
    "state": 1,
    "path": "/Users/ben/Documents/artblocks/artblocks-server-production/src/three.js"
  },
  "src/three.module.js": {
    "mt": "Sat Mar 06 2021 16:46:17 GMT-0800 (Pacific Standard Time)",
    "exists": true,
    "state": 1,
    "path": "/Users/ben/Documents/artblocks/artblocks-server-production/src/three.module.js"
  },
  "src/three_bak.js": {
    "mt": "Mon Mar 15 2021 11:21:17 GMT-0700 (Pacific Daylight Time)",
    "exists": true,
    "state": 1,
    "path": "/Users/ben/Documents/artblocks/artblocks-server-production/src/three_bak.js"
  },
  "src/tone.js": {
    "mt": "Sun Apr 18 2021 22:01:44 GMT-0700 (Pacific Daylight Time)",
    "exists": true,
    "state": 1,
    "path": "/Users/ben/Documents/artblocks/artblocks-server-production/src/tone.js"
  },
  "src/tone.js": {
    "mt": "Sun Apr 18 2021 12:11:29 GMT-0500 (Central Daylight Time)",
    "exists": true,
    "state": 1,
    "path": "/Users/erick/apps/artblocks-v2/server/src/tone.js"
  },
  "src/vox.js": {
    "mt": "Sat Mar 06 2021 16:45:17 GMT-0800 (Pacific Standard Time)",
    "exists": true,
    "state": 1,
    "path": "/Users/ben/Documents/artblocks/artblocks-server-production/src/vox.js"
  },
  "upload.js": {
    "mt": "Sat Mar 06 2021 16:46:17 GMT-0800 (Pacific Standard Time)",
    "exists": true,
    "state": 1,
    "path": "/Users/ben/Documents/artblocks/artblocks-server-production/upload.js"
  },
  "views/generator_aframe.pug": {
    "mt": "Sat Mar 06 2021 16:45:17 GMT-0800 (Pacific Standard Time)",
    "exists": true,
    "state": 1,
    "path": "/Users/ben/Documents/artblocks/artblocks-server-production/views/generator_aframe.pug"
  },
  "views/generator_js.pug": {
    "mt": "Sat Mar 06 2021 16:46:17 GMT-0800 (Pacific Standard Time)",
    "exists": true,
    "state": 1,
    "path": "/Users/ben/Documents/artblocks/artblocks-server-production/views/generator_js.pug"
  },
  "views/generator_js_obj.pug": {
    "mt": "Sun Mar 28 2021 15:37:38 GMT-0700 (Pacific Daylight Time)",
    "exists": true,
    "state": 1,
    "path": "/Users/ben/Documents/artblocks/artblocks-server-production/views/generator_js_obj.pug"
  },
  "views/generator_megavox.pug": {
    "mt": "Sat Mar 06 2021 16:45:17 GMT-0800 (Pacific Standard Time)",
    "exists": true,
    "state": 1,
    "path": "/Users/ben/Documents/artblocks/artblocks-server-production/views/generator_megavox.pug"
  },
  "views/generator_p5js.pug": {
    "mt": "Sun Apr 18 2021 19:45:24 GMT-0700 (Pacific Daylight Time)",
    "exists": true,
    "state": 1,
    "path": "/Users/ben/Documents/artblocks/artblocks-server-production/views/generator_p5js.pug"
  },
  "views/generator_p5js_bak.pug": {
    "mt": "Sun Apr 18 2021 19:45:24 GMT-0700 (Pacific Daylight Time)",
    "exists": true,
    "state": 1,
    "path": "/Users/ben/Documents/artblocks/artblocks-server-production/views/generator_p5js_bak.pug"
  },
  "views/generator_p5js_bank.pug": {
    "mt": "Sun Apr 18 2021 19:45:24 GMT-0700 (Pacific Daylight Time)",
    "exists": true,
    "state": 1,
    "path": "/Users/ben/Documents/artblocks/artblocks-server-production/views/generator_p5js_bank.pug"
  },
  "views/generator_p5js_svg.pug": {
    "mt": "Sat Mar 06 2021 16:46:17 GMT-0800 (Pacific Standard Time)",
    "exists": true,
    "state": 1,
    "path": "/Users/ben/Documents/artblocks/artblocks-server-production/views/generator_p5js_svg.pug"
  },
  "views/generator_p5js_svg_emp.pug": {
    "mt": "Wed Mar 31 2021 10:32:35 GMT-0700 (Pacific Daylight Time)",
    "exists": true,
    "state": 1,
    "path": "/Users/ben/Documents/artblocks/artblocks-server-production/views/generator_p5js_svg_emp.pug"
  },
  "views/generator_paperjs.pug": {
    "mt": "Sun Apr 18 2021 22:01:44 GMT-0700 (Pacific Daylight Time)",
    "exists": true,
    "state": 1,
    "path": "/Users/ben/Documents/artblocks/artblocks-server-production/views/generator_paperjs.pug"
  },
  "views/generator_paperjs.pug": {
    "mt": "Sun Apr 18 2021 12:16:24 GMT-0500 (Central Daylight Time)",
    "exists": true,
    "state": 1,
    "path": "/Users/erick/apps/artblocks-v2/server/views/generator_paperjs.pug"
  },
  "views/generator_processing.pug": {
    "mt": "Sun Apr 18 2021 19:45:24 GMT-0700 (Pacific Daylight Time)",
    "exists": true,
    "state": 1,
    "path": "/Users/ben/Documents/artblocks/artblocks-server-production/views/generator_processing.pug"
  },
  "views/generator_regl.pug": {
    "mt": "Sun Apr 18 2021 19:45:24 GMT-0700 (Pacific Daylight Time)",
    "exists": true,
    "state": 1,
    "path": "/Users/ben/Documents/artblocks/artblocks-server-production/views/generator_regl.pug"
  },
  "views/generator_svg.pug": {
    "mt": "Sat Mar 06 2021 16:46:17 GMT-0800 (Pacific Standard Time)",
    "exists": true,
    "state": 1,
    "path": "/Users/ben/Documents/artblocks/artblocks-server-production/views/generator_svg.pug"
  },
  "views/generator_threejs.pug": {
    "mt": "Sun Apr 18 2021 19:45:24 GMT-0700 (Pacific Daylight Time)",
    "exists": true,
    "state": 1,
    "path": "/Users/ben/Documents/artblocks/artblocks-server-production/views/generator_threejs.pug"
  },
  "views/generator_tonejs.pug": {
    "mt": "Sun Apr 18 2021 22:01:44 GMT-0700 (Pacific Daylight Time)",
    "exists": true,
    "state": 1,
    "path": "/Users/ben/Documents/artblocks/artblocks-server-production/views/generator_tonejs.pug"
  },
  "views/generator_tonejs.pug": {
    "mt": "Sun Apr 18 2021 12:27:36 GMT-0500 (Central Daylight Time)",
    "exists": true,
    "state": 1,
    "path": "/Users/erick/apps/artblocks-v2/server/views/generator_tonejs.pug"
  },
  "views/generator_vox.pug": {
    "mt": "Sat Mar 06 2021 16:45:17 GMT-0800 (Pacific Standard Time)",
    "exists": true,
    "state": 1,
    "path": "/Users/ben/Documents/artblocks/artblocks-server-production/views/generator_vox.pug"
  },
  "views/home.pug": {
    "mt": "Sat Mar 06 2021 16:45:17 GMT-0800 (Pacific Standard Time)",
    "exists": true,
    "state": 1,
    "path": "/Users/ben/Documents/artblocks/artblocks-server-production/views/home.pug"
  },
  "views/platformInfo.pug": {
    "mt": "Sat Mar 06 2021 16:45:17 GMT-0800 (Pacific Standard Time)",
    "exists": true,
    "state": 1,
    "path": "/Users/ben/Documents/artblocks/artblocks-server-production/views/platformInfo.pug"
  },
  "views/projectInfo.pug": {
    "mt": "Sat Mar 06 2021 16:46:17 GMT-0800 (Pacific Standard Time)",
    "exists": true,
    "state": 1,
    "path": "/Users/ben/Documents/artblocks/artblocks-server-production/views/projectInfo.pug"
  }
}