{
  ".DS_Store": {
    "mt": "Thu Dec 24 2020 22:22:05 GMT-0600 (Central Standard Time)",
    "exists": true,
    "state": 1,
    "path": "/Users/erick/apps/artblocks-v2/server/.DS_Store"
  },
  ".gitignore": {
    "mt": "Sat Dec 12 2020 19:31:46 GMT-0600 (Central Standard Time)",
    "exists": true,
    "state": 1,
    "path": "/Users/erick/apps/artblocks-v2/server/.gitignore"
  },
  ".nvmrc": {
    "mt": "Sun Dec 06 2020 23:48:01 GMT-0600 (Central Standard Time)",
    "exists": true,
    "state": 1,
    "path": "/Users/erick/apps/artblocks-v2/server/.nvmrc"
  },
  "README.md": {
    "mt": "Sun Dec 06 2020 23:46:19 GMT-0600 (Central Standard Time)",
    "exists": true,
    "state": 1,
    "path": "/Users/erick/apps/artblocks-v2/server/README.md"
  },
  "__nc_app__artblocks-server-rinkeby.json": {
    "mt": "Tue Jan 19 2021 00:43:39 GMT-0600 (Central Standard Time)",
    "exists": true,
    "state": 1,
    "path": "/Users/erick/apps/artblocks-v2/server/__nc_app__artblocks-server-rinkeby.json"
  },
  "__nc_app__artblocks-server.json": {
    "mt": "Tue Jan 26 2021 15:09:57 GMT-0600 (Central Standard Time)",
    "exists": true,
    "state": 1,
    "path": "/Users/erick/apps/artblocks-v2/server/__nc_app__artblocks-server.json"
  },
  "__nc_app__artblocks-temp-server.json": {
    "mt": "Sat Dec 12 2020 14:50:58 GMT-0600 (Central Standard Time)",
    "exists": true,
    "state": 1,
    "path": "/Users/erick/apps/artblocks-v2/server/__nc_app__artblocks-temp-server.json"
  },
  "__nc_app__backup-renderer.json": {
    "mt": "Fri Jan 01 2021 10:44:45 GMT-0600 (Central Standard Time)",
    "exists": true,
    "state": 1,
    "path": "/Users/erick/apps/artblocks-v2/server/__nc_app__backup-renderer.json"
  },
  "__nc_app__render-engine-mainnet-2.json": {
    "mt": "Fri Jan 08 2021 00:07:41 GMT-0600 (Central Standard Time)",
    "exists": true,
    "state": 1,
    "path": "/Users/erick/apps/artblocks-v2/server/__nc_app__render-engine-mainnet-2.json"
  },
  "__nc_app__render-engine-rinkeby-1.json": {
    "mt": "Sat Jan 09 2021 12:18:43 GMT-0600 (Central Standard Time)",
    "exists": true,
    "state": 1,
    "path": "/Users/erick/apps/artblocks-v2/server/__nc_app__render-engine-rinkeby-1.json"
  },
  "__nc_app__temporary-dynamic-slices.json": {
    "mt": "Sat Dec 12 2020 14:44:56 GMT-0600 (Central Standard Time)",
    "exists": true,
    "state": 1,
    "path": "/Users/erick/apps/artblocks-v2/server/__nc_app__temporary-dynamic-slices.json"
  },
  "__nc_app__temporary-rinkeby.json": {
    "mt": "Fri Dec 11 2020 12:04:53 GMT-0600 (Central Standard Time)",
    "exists": true,
    "state": 1,
    "path": "/Users/erick/apps/artblocks-v2/server/__nc_app__temporary-rinkeby.json"
  },
  "artifacts/GenArt721.json": {
    "mt": "Mon Dec 07 2020 00:08:16 GMT-0600 (Central Standard Time)",
    "exists": true,
    "state": 1,
    "path": "/Users/erick/apps/artblocks-v2/server/artifacts/GenArt721.json"
  },
  "artifacts/GenArt721Core.json": {
    "mt": "Sat Dec 12 2020 03:00:50 GMT-0600 (Central Standard Time)",
    "exists": true,
    "state": 1,
    "path": "/Users/erick/apps/artblocks-v2/server/artifacts/GenArt721Core.json"
  },
  "favicon.ico": {
    "mt": "Sun Dec 06 2020 23:46:19 GMT-0600 (Central Standard Time)",
    "exists": true,
    "state": 1,
    "path": "/Users/erick/apps/artblocks-v2/server/favicon.ico"
  },
  "index.js": {
    "mt": "Fri Jan 22 2021 15:07:10 GMT-0600 (Central Standard Time)",
    "exists": true,
    "state": 1,
    "path": "/Users/erick/apps/artblocks-v2/server/index.js"
  },
  "package-lock.json": {
    "mt": "Sat Dec 19 2020 13:00:48 GMT-0600 (Central Standard Time)",
    "exists": true,
    "state": 1,
    "path": "/Users/erick/apps/artblocks-v2/server/package-lock.json"
  },
  "package.json": {
    "mt": "Tue Jan 26 2021 16:33:56 GMT-0600 (Central Standard Time)",
    "exists": true,
    "state": 1,
    "path": "/Users/erick/apps/artblocks-v2/server/package.json"
  },
  "plugins.js": {
    "mt": "Tue Jan 26 2021 15:07:54 GMT-0600 (Central Standard Time)",
    "exists": true,
    "state": 1,
    "path": "/Users/erick/apps/artblocks-v2/server/plugins.js"
  },
  "renderImages.js": {
    "mt": "Wed Jan 20 2021 22:50:08 GMT-0600 (Central Standard Time)",
    "exists": true,
    "state": 1,
    "path": "/Users/erick/apps/artblocks-v2/server/renderImages.js"
  },
  "renderer.js": {
    "mt": "Sat Jan 16 2021 14:19:45 GMT-0600 (Central Standard Time)",
    "exists": true,
    "state": 1,
    "path": "/Users/erick/apps/artblocks-v2/server/renderer.js"
  },
  "renderer_bak.js": {
    "mt": "Sat Dec 19 2020 23:24:27 GMT-0600 (Central Standard Time)",
    "exists": true,
    "state": 1,
    "path": "/Users/erick/apps/artblocks-v2/server/renderer_bak.js"
  },
  "src/.DS_Store": {
    "mt": "Sat Dec 26 2020 22:07:11 GMT-0600 (Central Standard Time)",
    "exists": true,
    "state": 1,
    "path": "/Users/erick/apps/artblocks-v2/server/src/.DS_Store"
  },
  "src/GLTFExporter.js": {
    "mt": "Sat Dec 26 2020 22:11:58 GMT-0600 (Central Standard Time)",
    "exists": true,
    "state": 1,
    "path": "/Users/erick/apps/artblocks-v2/server/src/GLTFExporter.js"
  },
  "src/OrbitControls.js": {
    "mt": "Sat Dec 26 2020 22:12:01 GMT-0600 (Central Standard Time)",
    "exists": true,
    "state": 1,
    "path": "/Users/erick/apps/artblocks-v2/server/src/OrbitControls.js"
  },
  "src/aframe.min.js": {
    "mt": "Sun Dec 06 2020 23:46:19 GMT-0600 (Central Standard Time)",
    "exists": true,
    "state": 1,
    "path": "/Users/erick/apps/artblocks-v2/server/src/aframe.min.js"
  },
  "src/p5.js": {
    "mt": "Sun Dec 06 2020 23:46:19 GMT-0600 (Central Standard Time)",
    "exists": true,
    "state": 1,
    "path": "/Users/erick/apps/artblocks-v2/server/src/p5.js"
  },
  "src/p5.svg.js": {
    "mt": "Fri Dec 25 2020 06:37:06 GMT-0600 (Central Standard Time)",
    "exists": true,
    "state": 1,
    "path": "/Users/erick/apps/artblocks-v2/server/src/p5.svg.js"
  },
  "src/processing.js": {
    "mt": "Sun Dec 06 2020 23:46:19 GMT-0600 (Central Standard Time)",
    "exists": true,
    "state": 1,
    "path": "/Users/erick/apps/artblocks-v2/server/src/processing.js"
  },
  "src/rendering.png": {
    "mt": "Sat Dec 19 2020 01:00:21 GMT-0600 (Central Standard Time)",
    "exists": true,
    "state": 1,
    "path": "/Users/erick/apps/artblocks-v2/server/src/rendering.png"
  },
  "src/three.js": {
    "mt": "Sun Dec 06 2020 23:46:19 GMT-0600 (Central Standard Time)",
    "exists": true,
    "state": 1,
    "path": "/Users/erick/apps/artblocks-v2/server/src/three.js"
  },
  "src/three.module.js": {
    "mt": "Sat Dec 26 2020 22:12:02 GMT-0600 (Central Standard Time)",
    "exists": true,
    "state": 1,
    "path": "/Users/erick/apps/artblocks-v2/server/src/three.module.js"
  },
  "src/vox.js": {
    "mt": "Sun Dec 06 2020 23:46:19 GMT-0600 (Central Standard Time)",
    "exists": true,
    "state": 1,
    "path": "/Users/erick/apps/artblocks-v2/server/src/vox.js"
  },
  "upload.js": {
    "mt": "Sat Dec 12 2020 17:14:47 GMT-0600 (Central Standard Time)",
    "exists": true,
    "state": 1,
    "path": "/Users/erick/apps/artblocks-v2/server/upload.js"
  },
  "views/generator_aframe.pug": {
    "mt": "Sun Dec 06 2020 23:46:19 GMT-0600 (Central Standard Time)",
    "exists": true,
    "state": 1,
    "path": "/Users/erick/apps/artblocks-v2/server/views/generator_aframe.pug"
  },
  "views/generator_js.pug": {
    "mt": "Sun Dec 20 2020 00:12:37 GMT-0600 (Central Standard Time)",
    "exists": true,
    "state": 1,
    "path": "/Users/erick/apps/artblocks-v2/server/views/generator_js.pug"
  },
  "views/generator_megavox.pug": {
    "mt": "Sun Dec 06 2020 23:46:19 GMT-0600 (Central Standard Time)",
    "exists": true,
    "state": 1,
    "path": "/Users/erick/apps/artblocks-v2/server/views/generator_megavox.pug"
  },
  "views/generator_p5js.pug": {
    "mt": "Sun Dec 06 2020 23:46:19 GMT-0600 (Central Standard Time)",
    "exists": true,
    "state": 1,
    "path": "/Users/erick/apps/artblocks-v2/server/views/generator_p5js.pug"
  },
  "views/generator_p5js_svg.pug": {
    "mt": "Fri Jan 22 2021 23:45:51 GMT-0600 (Central Standard Time)",
    "exists": true,
    "state": 1,
    "path": "/Users/erick/apps/artblocks-v2/server/views/generator_p5js_svg.pug"
  },
  "views/generator_processing.pug": {
    "mt": "Sun Dec 06 2020 23:46:19 GMT-0600 (Central Standard Time)",
    "exists": true,
    "state": 1,
    "path": "/Users/erick/apps/artblocks-v2/server/views/generator_processing.pug"
  },
  "views/generator_svg.pug": {
    "mt": "Mon Jan 18 2021 20:51:01 GMT-0600 (Central Standard Time)",
    "exists": true,
    "state": 1,
    "path": "/Users/erick/apps/artblocks-v2/server/views/generator_svg.pug"
  },
  "views/generator_threejs.pug": {
    "mt": "Sat Dec 26 2020 22:17:45 GMT-0600 (Central Standard Time)",
    "exists": true,
    "state": 1,
    "path": "/Users/erick/apps/artblocks-v2/server/views/generator_threejs.pug"
  },
  "views/generator_vox.pug": {
    "mt": "Sun Dec 06 2020 23:46:19 GMT-0600 (Central Standard Time)",
    "exists": true,
    "state": 1,
    "path": "/Users/erick/apps/artblocks-v2/server/views/generator_vox.pug"
  },
  "views/home.pug": {
    "mt": "Sun Dec 06 2020 23:46:19 GMT-0600 (Central Standard Time)",
    "exists": true,
    "state": 1,
    "path": "/Users/erick/apps/artblocks-v2/server/views/home.pug"
  },
  "views/platformInfo.pug": {
    "mt": "Sun Dec 06 2020 23:46:19 GMT-0600 (Central Standard Time)",
    "exists": true,
    "state": 1,
    "path": "/Users/erick/apps/artblocks-v2/server/views/platformInfo.pug"
  },
  "views/projectInfo.pug": {
    "mt": "Mon Dec 07 2020 22:36:22 GMT-0600 (Central Standard Time)",
    "exists": true,
    "state": 1,
    "path": "/Users/erick/apps/artblocks-v2/server/views/projectInfo.pug"
  }
}